chrom	pos	ref	alt	strand	gene	consequence
chr1	966179	G	A	1	PLEKHN1	over
chr1	1000335	C	T	-1	HES4	none
chr1	6602853	G	A	-1	KLHL21	none
chr1	6602971	G	C	-1	KLHL21	none
chr1	6613720	C	G	1	PHF13	none
chr1	9651584	A	G	1	PIK3CD	none
chr1	11805747	A	G	-1	MTHFR	none
chr1	11805747	A	G	1	CLCN6	none
chr1	16980180	C	G	-1	MFAP2	none
chr1	20589038	A	G	1	CDA	none
chr1	23484568	C	T	-1	ASAP3	none
chr1	28886804	A	C	1	EPB41	none
chr1	37990219	G	C	-1	SF3A3	under
chr1	107056636	A	T	1	PRMT6	under
chr1	109548649	C	T	1	GNAI3	none
chr1	150579916	C	G	-1	MCL1	none
chr1	154405422	G	A	1	IL6R	none
chr1	159925746	G	A	-1	TAGLN2	none
chr1	182589004	G	T	-1	RNASEL	none
chr1	230978849	C	T	-1	TTC13	none
chr1	230978849	C	T	1	ARV1	none
chr2	37156629	G	A	-1	EIF2AK2	none
chr2	37156687	T	C	-1	EIF2AK2	none
chr2	65056838	T	C	1	CEP68	none
chr2	65432354	A	G	-1	SPRED2	none
chr2	70248695	T	G	-1	TIA1	none
chr2	85418470	A	C	1	SH2D6	none
chr2	96638443	G	C	-1	KANSL3	none
chr2	102186984	T	C	1	IL1RL2	none
chr2	176188221	G	A	1	HOXD1	none
chr2	218568272	C	A	-1	USP37	none
chr2	225042433	C	T	-1	DOCK10	none
chr2	233917239	A	G	1	TRPM8	none
chr3	71725593	C	A	-1	EIF4E3	none
chr3	160225162	C	T	1	C3orf80	none
chr3	194685776	C	G	1	FAM43A	none
chr4	38783012	G	T	-1	TLR10	none
chr4	39458870	C	G	-1	RPL9	none
chr4	39458870	C	G	1	LIAS	none
chr4	56907742	G	A	1	REST	none
chr4	76213633	C	T	-1	SCARB2	none
chr4	76213717	G	A	-1	SCARB2	none
chr4	102501347	C	G	1	NFKB1	none
chr4	103719946	G	C	-1	TACR3	none
chr4	121823883	C	T	-1	CCNA2	none
chr5	75336968	C	G	1	HMGCR	none
chr5	131945765	G	C	-1	MEIKIN	none
chr5	157459705	A	G	-1	ENSG00000285868	none
chr5	168529258	G	A	1	FBLL1	over
chr5	170861918	A	G	1	RANBP17	none
chr5	172771194	G	A	-1	DUSP1	none
chr6	3457048	C	G	-1	SLC22A23	none
chr6	13574703	C	T	1	SIRT5	under
chr6	125749643	T	G	1	HEY2	none
chr6	130827346	C	T	1	SMLR1	none
chr6	160702126	G	T	1	PLG	none
chr6	166956723	A	C	-1	RNASET2	none
chr7	15686748	C	T	-1	MEOX2	none
chr7	56116671	G	A	-1	NUPR2	none
chr7	100896090	G	A	-1	ACHE	none
chr8	22109562	G	T	-1	NUDT18	none
chr8	102864097	G	A	-1	AZIN1	none
chr9	83980583	G	A	-1	HNRNPK	none
chr9	83980583	G	A	1	RMI1	none
chr9	83980656	G	A	-1	HNRNPK	none
chr9	83980656	G	A	1	RMI1	none
chr9	89605006	A	C	1	GADD45G	none
chr9	101487225	T	A	-1	PGAP4	under
chr9	120928863	G	C	-1	TRAF1	none
chr9	134025527	G	A	1	BRD3OS	none
chr10	16817619	G	C	-1	RSU1	none
chr10	27155415	T	G	1	MASTL	none
chr10	69450988	G	C	1	TSPAN15	none
chr11	307808	A	G	1	IFITM2	none
chr11	308065	T	C	1	IFITM2	over
chr11	308065	T	C	1	ENSG00000288681	over
chr11	1853062	G	A	1	LSP1	none
chr11	18634515	G	C	-1	SPTY2D1	none
chr11	18634724	C	T	-1	SPTY2D1	none
chr11	30323044	C	T	1	ARL14EP	none
chr11	30323178	C	T	1	ARL14EP	none
chr11	32794584	A	G	-1	CCDC73	none
chr11	32892577	C	T	1	QSER1	none
chr11	65879817	C	T	1	CTSW	none
chr11	102110546	T	C	1	YAP1	none
chr11	119107201	A	G	1	C2CD2L	none
chr11	119107422	C	G	1	C2CD2L	none
chr11	122655793	A	C	1	UBASH3B	none
chr11	122655893	C	T	1	UBASH3B	none
chr12	48957607	G	A	-1	ENSG00000272822	none
chr12	48957607	G	A	-1	ARF3	none
chr12	54280451	A	G	-1	CBX5	none
chr12	54280451	A	G	1	HNRNPA1	none
chr12	55996852	A	G	1	SUOX	none
chr12	57459370	G	C	1	GLI1	none
chr12	117968891	C	T	-1	KSR2	none
chr13	99200499	A	G	1	UBAC2	none
chr14	65102879	A	G	-1	MAX	none
chr14	100376441	T	C	1	WDR25	none
chr14	102509318	C	T	-1	ANKRD9	none
chr15	52790284	T	G	-1	ONECUT1	none
chr15	63042321	C	A	1	TPM1	none
chr15	63042410	C	G	1	TPM1	none
chr15	63042436	C	G	1	TPM1	none
chr15	63042499	C	G	1	TPM1	none
chr15	73369346	T	G	-1	HCN4	none
chr15	77421244	A	G	1	HMG20A	none
chr15	90884251	G	A	1	FES	none
chr16	4474987	C	T	-1	NMRAL1	none
chr16	11797264	G	A	-1	ZC3H7A	none
chr16	11797505	C	A	-1	ZC3H7A	none
chr16	29926331	G	A	-1	KCTD13	none
chr16	30958236	G	C	1	SETD1A	none
chr16	83953031	G	C	1	OSGIN1	none
chr17	7579461	T	C	1	CD68	over
chr17	8295825	G	A	-1	SLC25A35	none
chr17	21376293	T	G	1	KCNJ12	none
chr17	39864166	T	C	-1	IKZF3	none
chr17	40100440	G	A	-1	NR1D1	none
chr17	44124110	T	C	-1	HDAC5	none
chr17	66229411	G	T	-1	APOH	none
chr17	68457876	G	T	-1	WIPI1	none
chr17	75132069	T	C	-1	NT5C	none
chr17	75940916	T	C	-1	FBF1	none
chr17	78187152	C	T	-1	TK1	over
chr17	78187152	C	T	1	AFMID	over
chr19	1812683	A	G	-1	ATP8B3	none
chr19	4969042	A	G	1	KDM4B	none
chr19	17747540	A	G	1	FCHO1	none
chr19	17747551	G	A	1	FCHO1	none
chr19	17747601	G	A	1	FCHO1	none
chr19	17747624	G	A	1	FCHO1	none
chr19	18153061	C	T	1	PIK3R2	none
chr19	32581179	A	G	1	PDCD5	none
chr19	42255478	T	A	-1	ERF	none
chr19	42255478	T	A	-1	ENSG00000268643	none
chr19	43827546	T	C	1	ZNF283	none
chr19	43827658	G	A	1	ZNF283	none
chr19	44891079	T	C	1	TOMM40	none
chr19	56508061	G	C	1	ZNF471	none
chr19	56538696	C	G	1	ZFP28	none
chr20	44885696	G	T	1	YWHAB	none
chr20	44909956	G	T	1	PABPC1L	none
chr20	45934368	C	T	1	PCIF1	none
chr20	62642365	G	C	1	SLCO4A1	none
chr22	32474674	C	T	1	FBXO7	none
chr10	68075071	C	T	-1	HERC4	none
chr1	226407946	C	G	-1	PARP1	none
chr11	805234	G	A	-1	PIDD1	none
chr12	109052491	G	T	1	USP30	none
chr15	78299168	C	T	-1	WDR61	none
chr22	50525111	G	C	-1	SCO2	none
chr22	50525536	C	G	-1	SCO2	none
chr6	41921485	G	A	-1	MED20	none
chr6	41921485	G	A	1	BYSL	none
chr20	45912053	C	G	-1	PLTP	none
chr1	230714140	T	G	-1	AGT	over
chr13	94596651	G	C	-1	TGDS	none
chr6	111259531	C	T	1	MFSD4B	none
chr1	1375642	C	T	-1	AURKAIP1	none
chr1	1724489	G	C	-1	CDK11A	none
chr1	11980422	T	C	1	MFN2	none
chr1	15527056	C	T	1	DNAJC16	none
chr1	16212818	G	A	-1	ARHGEF19	none
chr1	18480643	T	C	1	KLHDC7A	none
chr1	18902884	G	T	-1	ALDH4A1	none
chr1	18902981	T	C	-1	ALDH4A1	none
chr1	18903008	T	G	-1	ALDH4A1	none
chr1	18903011	A	G	-1	ALDH4A1	none
chr1	19979653	G	C	-1	PLA2G2A	over
chr1	24413735	A	T	-1	STPG1	none
chr1	26169964	C	T	1	ZNF593	none
chr1	28236029	C	A	1	ATP5IF1	none
chr1	37556851	C	A	1	DNALI1	none
chr1	39738752	A	T	1	PPIE	none
chr1	39883661	G	A	-1	TRIT1	over
chr1	40161246	G	T	1	RLF	none
chr1	41484802	G	A	-1	EDN2	under
chr1	44739651	A	G	1	KIF2C	none
chr1	45491618	T	C	-1	TESK2	none
chr1	46543946	G	T	-1	TMEM275	none
chr1	46544085	G	A	-1	TMEM275	none
chr1	46604058	A	G	-1	MKNK1	none
chr1	62194418	T	C	1	L1TD1	over
chr1	66752321	C	G	1	DYNLT5	none
chr1	67135003	G	T	-1	C1orf141	over
chr1	75724352	C	G	1	ACADM	under
chr1	81801145	C	T	1	ADGRL2	under
chr1	84997425	C	T	-1	MCOLN2	none
chr1	85276655	G	C	-1	BCL10	none
chr1	86547045	C	A	1	CLCA4	none
chr1	88993078	T	C	-1	RBMXL1	none
chr1	88993078	T	C	-1	KYAT3	none
chr1	91500849	G	A	1	CDC7	under
chr1	108200518	C	G	-1	SLC25A24	none
chr1	109090755	C	G	1	TMEM167B	none
chr1	109466549	C	T	1	SYPL2	none
chr1	111449223	C	A	-1	WDR77	none
chr1	111449223	C	A	1	ATP5PB	none
chr1	113072822	G	A	1	LRIG2	none
chr1	113905292	G	T	-1	AP4B1	none
chr1	113905292	G	T	1	DCLRE1B	none
chr1	146938903	C	T	1	NBPF12	none
chr1	148152170	T	C	-1	NBPF11	none
chr1	149917937	A	G	-1	SV2A	under
chr1	153549456	G	A	-1	S100A3	over
chr1	153633911	G	A	1	CHTOP	none
chr1	154155073	C	G	-1	NUP210L	over
chr1	156194115	C	T	1	SLC25A44	none
chr1	161215085	A	G	1	FCER1G	over
chr1	167090593	A	G	-1	GPA33	none
chr1	171314054	A	G	1	FMO4	over
chr1	171781437	T	C	1	METTL13	none
chr1	179591583	T	C	1	TDRD5	over
chr1	180154450	C	A	1	QSOX1	none
chr1	200670028	G	A	-1	DDX59	none
chr1	203351280	G	C	-1	FMOD	over
chr1	205043070	T	G	1	CNTN2	under
chr1	225882729	G	A	-1	TMEM63A	none
chr1	225924245	T	C	-1	PYCR2	over
chr1	225924245	T	C	-1	ENSG00000255835	over
chr1	231241335	C	T	-1	C1orf131	none
chr1	231241335	C	T	1	GNPAT	none
chr1	247857146	G	A	1	TRIM58	under
chr2	264019	C	A	-1	SH3YL1	under
chr2	3519673	C	A	-1	ADI1	none
chr2	9555777	A	G	-1	ADAM17	over
chr2	17754513	T	C	1	GEN1	none
chr2	28981066	C	G	1	TOGARAM2	none
chr2	28981177	T	G	1	TOGARAM2	none
chr2	28981346	A	G	1	TOGARAM2	none
chr2	28981348	C	T	1	TOGARAM2	none
chr2	28981351	G	C	1	TOGARAM2	none
chr2	28981352	T	C	1	TOGARAM2	none
chr2	28981364	C	A	1	TOGARAM2	none
chr2	43774046	C	T	1	DYNC2LI1	under
chr2	43774077	C	T	1	DYNC2LI1	none
chr2	46617108	G	T	-1	PIGF	none
chr2	46617108	G	T	1	CRIPT	none
chr2	48440510	G	C	1	PPP1R21	over
chr2	61145372	A	G	1	C2orf74	none
chr2	74482972	T	C	-1	CCDC142	under
chr2	74482972	T	C	1	TTC31	under
chr2	96305617	T	C	-1	SNRNP200	none
chr2	97713755	A	G	1	ZAP70	none
chr2	161308497	A	T	1	PSMD14	none
chr2	170816965	G	A	1	GAD1	under
chr2	175168487	C	T	-1	ATF2	none
chr2	175181687	G	A	-1	ATP5MC3	none
chr2	189661498	C	T	1	ASNSD1	over
chr2	189661498	C	T	1	ASDURF	over
chr2	189661498	C	T	1	ENSG00000286165	over
chr2	190534707	T	C	-1	NEMP2	none
chr2	200889340	T	C	-1	PPIL3	over
chr2	200889340	T	C	1	NIF3L1	over
chr2	216412329	C	T	1	SMARCAL1	under
chr2	219177953	G	A	1	RETREG2	none
chr2	223945459	G	A	-1	WDFY1	under
chr2	231781537	G	A	-1	PDE6D	none
chr2	236507415	G	T	-1	IQCA1	none
chr2	238426762	G	C	1	ASB1	none
chr2	240586636	A	T	1	CAPN10	none
chr3	9363240	G	C	1	THUMPD3	none
chr3	9792668	G	C	-1	TADA3	none
chr3	9792668	G	C	1	ARPC4	none
chr3	12545634	A	G	-1	MKRN2OS	none
chr3	19148202	C	G	1	KCNH8	over
chr3	28241610	G	A	1	CMC1	under
chr3	33218930	C	T	-1	SUSD5	over
chr3	42590725	G	A	1	SS18L2	none
chr3	44729451	C	T	1	ZNF501	none
chr3	48595323	A	C	-1	COL7A1	over
chr3	50299601	C	A	-1	HYAL3	none
chr3	50299601	C	A	-1	NAA80	none
chr3	52239405	G	A	-1	TWF2	none
chr3	52831110	C	A	-1	ITIH4	none
chr3	53882289	A	T	-1	ACTR8	none
chr3	53891990	T	C	-1	SELENOK	none
chr3	53892083	C	G	-1	SELENOK	none
chr3	56557031	C	A	1	CCDC66	none
chr3	113532232	G	A	1	SIDT1	under
chr3	119703087	A	G	1	CFAP91	none
chr3	119703087	A	G	1	ENSG00000285585	none
chr3	122416042	T	A	-1	WDR5B	none
chr3	127915367	T	C	1	KBTBD12	none
chr3	127915535	C	T	1	KBTBD12	none
chr3	150546641	T	C	-1	SERP1	none
chr3	150546641	T	C	1	EIF2A	none
chr3	179347700	C	G	1	MFN1	none
chr3	184298906	T	G	1	PSMD2	none
chr4	474151	G	A	-1	ZNF721	none
chr4	7068391	T	G	-1	GRPEL1	none
chr4	89894728	G	C	1	MMRN1	none
chr4	99088893	C	G	-1	ADH5	none
chr4	112637203	C	A	-1	ZGRF1	none
chr4	112637203	C	A	1	LARP7	none
chr4	112637446	A	G	1	LARP7	none
chr4	112637484	C	A	1	LARP7	none
chr4	146176018	C	A	1	LSM6	none
chr4	158723342	G	C	-1	PPID	none
chr4	185204255	G	A	-1	CFAP97	none
chr4	185204255	G	A	1	SNX25	none
chr4	186191475	G	C	1	CYP4V2	under
chr5	217873	A	G	-1	CCDC127	none
chr5	217873	A	G	1	SDHA	none
chr5	7851068	C	A	-1	C5orf49	over
chr5	10308070	C	A	-1	CMBL	over
chr5	38846452	A	C	1	OSMR	none
chr5	56909530	A	G	1	SETD9	over
chr5	65563128	A	C	-1	CENPK	none
chr5	65563128	A	C	1	PPWD1	none
chr5	73565484	G	A	-1	ANKRA2	none
chr5	73565484	G	A	1	UTP15	none
chr5	76819138	C	T	1	F2RL1	none
chr5	141199159	G	A	1	PCDHB11	none
chr5	141320314	G	C	-1	TAF7	over
chr5	150449748	G	A	-1	RPS14	none
chr5	150497708	C	T	1	NDST1	none
chr5	177497100	G	A	-1	PDLIM7	under
chr6	10694416	C	T	-1	C6orf52	none
chr6	42194837	A	G	-1	GUCA1B	none
chr6	42879557	G	A	1	RPL7L1	none
chr6	42960279	C	G	1	GNMT	none
chr6	42979205	G	A	-1	PEX6	none
chr6	46129832	G	A	1	ENPP4	none
chr6	83067694	C	T	1	DOP1A	none
chr6	83512458	C	T	1	PRSS35	over
chr6	96837445	C	G	-1	GPR63	none
chr6	96898025	A	G	-1	NDUFAF4	none
chr6	100880886	G	A	-1	ASCC3	over
chr6	100881552	G	A	-1	ASCC3	none
chr6	109382935	A	G	-1	CD164	none
chr6	127518698	A	C	-1	SOGA3	over
chr6	132513379	C	T	-1	STX7	under
chr6	132798677	G	A	-1	SLC18B1	under
chr6	135497759	C	A	-1	AHI1	under
chr6	138796035	G	A	1	ECT2L	under
chr6	151452369	T	C	-1	RMND1	none
chr6	151452369	T	C	1	ARMT1	none
chr6	155314451	A	C	-1	TFB1M	none
chr6	158644726	C	G	-1	DYNLT1	none
chr6	159790389	A	G	1	MRPL18	none
chr6	159790392	A	C	1	MRPL18	none
chr6	159790413	C	T	1	MRPL18	none
chr6	159790453	T	C	1	MRPL18	none
chr7	1556203	A	G	-1	TMEM184A	over
chr7	2314717	C	G	-1	SNX8	none
chr7	2354661	C	T	1	EIF3B	none
chr7	6009173	G	C	-1	PMS2	none
chr7	6009173	G	C	1	AIMP2	none
chr7	6589771	A	C	1	C7orf26	none
chr7	44044412	T	C	1	DBNL	none
chr7	44044693	C	G	1	DBNL	none
chr7	47979760	G	C	-1	HUS1	over
chr7	48035387	C	T	1	C7orf57	under
chr7	48089304	T	C	1	UPP1	none
chr7	56093080	A	G	-1	PHKG1	none
chr7	73830849	G	A	1	CLDN4	none
chr7	74915014	C	T	-1	SPDYE12P	none
chr7	75486436	G	C	-1	POM121C	none
chr7	76510067	C	T	1	UPK3B	none
chr7	76510078	C	T	1	UPK3B	none
chr7	76510136	C	T	1	UPK3B	none
chr7	90211770	G	A	1	STEAP2	over
chr7	90596614	T	C	1	CDK14	none
chr7	99558883	G	A	1	ZNF655	none
chr7	100015853	C	T	1	ZKSCAN1	none
chr7	100101546	A	T	-1	MCM7	none
chr7	100101546	A	T	1	AP4M1	none
chr7	102478875	T	C	-1	POLR2J	none
chr7	102748766	C	T	1	FAM185A	none
chr7	107743833	C	T	1	CBLL1	none
chr7	138981870	G	A	-1	KIAA1549	under
chr7	140672779	T	C	1	ADCK2	none
chr7	141015225	G	C	-1	MRPS33	none
chr8	22109791	C	T	-1	NUDT18	none
chr8	23225458	G	T	-1	TNFRSF10A	under
chr8	27311303	C	A	-1	TRIM35	none
chr8	42207691	A	G	-1	PLAT	over
chr8	48735351	C	A	-1	EFCAB1	under
chr8	73878927	G	C	-1	UBE2W	none
chr8	95269264	G	T	-1	CFAP418	none
chr8	95269362	G	C	-1	CFAP418	none
chr8	95269388	G	A	-1	CFAP418	none
chr8	95269412	T	C	-1	CFAP418	none
chr8	96645187	C	G	1	CPQ	over
chr8	119856088	C	G	-1	DSCC1	none
chr8	124450857	A	T	1	TRMT12	none
chr8	142670280	T	C	-1	JRK	over
chr8	142742445	G	C	-1	SLURP1	none
chr8	143541565	G	C	-1	ZC3H3	none
chr8	144786875	G	A	-1	ZNF34	none
chr8	144799296	G	C	1	ZNF517	none
chr8	144853481	G	C	-1	COMMD5	none
chr9	1050386	C	T	1	DMRT2	over
chr9	4490134	T	G	1	SLC1A1	over
chr9	35829034	G	A	-1	FAM221B	none
chr9	35829034	G	A	1	TMEM8B	none
chr9	35909425	T	C	1	SPAAR	under
chr9	94639504	G	A	-1	FBP1	none
chr9	94639952	C	T	-1	FBP1	none
chr9	104094171	G	A	1	SMC2	none
chr9	104094410	T	G	1	SMC2	none
chr9	110256475	T	C	-1	TXN	under
chr9	126804875	G	C	1	ZBTB43	none
chr9	127424421	C	T	1	ZNF79	none
chr9	128202985	C	T	1	DNM1	none
chr9	128818291	T	C	1	ENDOG	none
chr9	128818465	C	T	1	ENDOG	none
chr9	129835442	T	G	-1	C9orf78	none
chr9	129835442	T	G	1	USP20	none
chr9	129835495	T	C	-1	C9orf78	none
chr9	129835495	T	C	1	USP20	none
chr9	133030719	C	T	1	GTF3C5	over
chr9	133737936	C	T	-1	SARDH	over
chr9	136758724	A	G	-1	LCN8	none
chr9	136982677	A	C	1	LCNL1	none
chr9	137605194	T	C	1	ARRDC1	over
chr10	1056673	C	A	1	WDR37	none
chr10	5977668	C	G	-1	IL15RA	under
chr10	12129741	G	A	1	SEC61A2	none
chr10	42638638	C	A	-1	ZNF33B	none
chr10	68827241	G	C	1	STOX1	none
chr10	70672291	G	A	1	ADAMTS14	none
chr10	116670361	G	A	-1	C10orf82	under
chr11	308059	T	C	1	IFITM2	over
chr11	308059	T	C	1	ENSG00000288681	over
chr11	320836	C	T	-1	IFITM3	under
chr11	537466	G	T	1	LRRC56	none
chr11	1852991	C	T	1	LSP1	over
chr11	3642192	A	G	-1	ART5	under
chr11	5596666	A	G	1	TRIM6-TRIM34	under
chr11	5596666	A	G	1	TRIM6	under
chr11	8594339	C	T	-1	STK33	under
chr11	8594392	G	A	-1	STK33	none
chr11	18321662	G	A	-1	HPS5	none
chr11	18322275	C	G	-1	HPS5	none
chr11	18322275	C	G	1	GTF2H1	none
chr11	18322517	T	C	-1	HPS5	none
chr11	18322517	T	C	1	GTF2H1	none
chr11	34438684	C	T	1	CAT	over
chr11	44066439	G	T	1	ACCS	over
chr11	57515350	C	A	-1	SLC43A1	none
chr11	62754191	C	T	-1	ZBTB3	none
chr11	64251215	C	A	1	PLCB3	none
chr11	64844897	C	A	-1	CDC42BPG	over
chr11	66677846	C	A	-1	RBM4B	none
chr11	67583461	G	T	1	GSTP1	none
chr11	67583533	C	T	1	GSTP1	none
chr11	74467279	C	A	-1	KCNE3	none
chr11	85686194	A	T	-1	CCDC89	under
chr11	88337904	A	G	-1	CTSC	over
chr11	94128854	C	T	1	PANX1	under
chr11	102530902	G	A	-1	MMP7	over
chr11	107591065	C	G	1	ELMOD1	none
chr11	110429782	C	T	1	FDX1	none
chr11	117929454	C	T	-1	TMPRSS13	under
chr11	118679813	T	C	-1	TREH	none
chr11	118679815	C	T	-1	TREH	none
chr11	118791319	C	T	-1	DDX6	none
chr11	119018363	G	T	-1	RPS25	none
chr11	119018363	G	T	1	TRAPPC4	none
chr11	119030904	A	T	-1	SLC37A4	none
chr11	119057538	G	A	-1	HYOU1	none
chr11	119067677	C	A	1	VPS11	none
chr11	119067724	G	A	1	VPS11	none
chr11	119084969	C	T	1	HMBS	none
chr11	119729606	G	A	-1	NECTIN1	none
chr11	122882694	C	G	1	JHY	none
chr11	122883129	G	A	1	JHY	none
chr12	949977	G	A	-1	RAD52	none
chr12	6689466	A	C	-1	ZNF384	under
chr12	8227371	G	T	-1	FAM90A1	none
chr12	10723460	G	T	-1	YBX3	none
chr12	25195139	G	T	-1	DNAI7	none
chr12	25195139	G	T	1	ETFRF1	none
chr12	26833078	G	T	-1	ITPR2	none
chr12	26833165	G	A	-1	ITPR2	none
chr12	27022432	G	C	1	MED21	none
chr12	29381276	C	A	-1	ERGIC2	none
chr12	48716799	C	G	-1	CCNT1	none
chr12	49018926	G	A	-1	PRKAG1	none
chr12	49904151	C	A	-1	FAIM2	over
chr12	51047897	G	T	1	LETMD1	none
chr12	53103199	T	C	1	SOAT2	over
chr12	53268415	T	C	1	ESPL1	none
chr12	56521763	G	A	1	RBMS2	under
chr12	57229736	G	A	1	SHMT2	none
chr12	57941347	G	A	1	ATP23	none
chr12	93467477	T	C	1	MRPL42	none
chr12	95942616	G	C	-1	CCDC38	none
chr12	100143167	T	G	-1	UHRF1BP1L	none
chr12	103957554	C	G	-1	C12orf73	over
chr12	133037242	T	C	1	ZNF84	none
chr12	133037269	T	G	1	ZNF84	none
chr13	37000577	C	T	1	EXOSC8	none
chr13	43879344	C	T	-1	CCDC122	none
chr13	46797273	G	T	-1	ESD	none
chr13	50843663	C	T	-1	DLEU7	none
chr13	94601666	T	G	1	GPR180	over
chr13	110915348	C	G	-1	ANKRD10	none
chr14	24232499	G	C	-1	NEDD8-MDP1	none
chr14	24232499	G	C	-1	NEDD8	none
chr14	24232499	G	C	1	GMPR2	none
chr14	35122520	T	C	1	PRORP	none
chr14	49635551	G	C	-1	DNAAF2	none
chr14	52730324	G	C	1	STYX	none
chr14	68979396	C	A	-1	ACTN1	none
chr14	74303138	C	T	-1	ABCD4	none
chr14	94110591	T	C	1	IFI27	none
chr14	103094659	A	T	1	EXOC3L4	over
chr15	30625686	A	G	1	ARHGAP11B	none
chr15	30625686	A	G	1	ENSG00000284906	none
chr15	30625954	A	G	1	ARHGAP11B	none
chr15	30625954	A	G	1	ENSG00000284906	none
chr15	30626045	G	C	1	ARHGAP11B	none
chr15	30626045	G	C	1	ENSG00000284906	none
chr15	32613598	C	T	1	ARHGAP11A-SCG5	none
chr15	41514021	C	G	-1	LTK	none
chr15	43792084	A	C	1	SERF2	none
chr15	64990020	G	T	-1	SPG21	none
chr15	67521033	C	T	1	C15orf61	none
chr15	68277820	T	G	1	FEM1B	none
chr15	74873410	G	T	-1	SCAMP2	none
chr15	79432832	T	A	1	MINAR1	none
chr16	235300	G	A	1	FAM234A	none
chr16	283017	G	T	1	PDIA2	over
chr16	283138	T	C	1	PDIA2	under
chr16	283146	C	T	1	PDIA2	under
chr16	690682	C	T	-1	WDR24	none
chr16	3065324	G	C	1	IL32	over
chr16	3283391	C	T	1	ZNF263	none
chr16	14632783	A	G	1	BFAR	none
chr16	27313700	A	G	1	IL4R	none
chr16	27402245	C	T	1	IL21R	over
chr16	29973518	C	G	1	TAOK2	none
chr16	29996004	C	T	-1	HIRIP3	none
chr16	29996004	C	T	1	INO80E	none
chr16	30011335	G	C	-1	DOC2A	none
chr16	30022868	A	G	1	C16orf92	none
chr16	30023148	T	G	1	C16orf92	none
chr16	31074149	T	C	-1	ZNF668	none
chr16	31074149	T	C	1	ZNF646	none
chr16	31393250	T	C	1	ITGAD	over
chr16	50065836	A	G	1	HEATR3	none
chr16	57447393	T	C	-1	CIAPIN1	none
chr16	57447393	T	C	1	COQ9	none
chr16	70289223	C	T	-1	AARS1	none
chr16	72008534	C	T	1	DHODH	none
chr16	85011497	G	A	-1	ZDHHC7	none
chr16	86555560	T	C	-1	MTHFSD	none
chr16	88651549	G	A	-1	CYBA	under
chr17	3557863	C	T	-1	TRPV3	under
chr17	4433544	T	C	1	SPNS3	none
chr17	5486322	C	A	-1	DERL2	none
chr17	5486322	C	A	1	MIS12	none
chr17	5486808	A	G	1	MIS12	none
chr17	8799483	C	T	-1	MFSD6L	under
chr17	9825455	G	A	1	GLP2R	none
chr17	9825865	G	A	1	GLP2R	none
chr17	10730041	C	T	-1	TMEM220	none
chr17	18315490	T	C	-1	TOP3A	none
chr17	18315490	T	C	1	SMCR8	none
chr17	18363661	G	C	-1	SHMT1	none
chr17	19378515	T	G	1	MAPK7	none
chr17	36544998	A	C	1	GGNBP2	none
chr17	38825661	T	G	-1	CWC25	none
chr17	42561996	C	A	1	COASY	none
chr17	44123673	G	T	-1	HDAC5	none
chr17	48830866	G	A	1	CALCOCO2	none
chr17	50532428	G	A	1	EPN3	none
chr17	50719191	A	G	1	LUC7L3	none
chr17	63774326	T	G	1	DDX42	none
chr17	73092704	C	T	-1	SLC39A11	over
chr17	75261749	C	T	-1	GGA3	none
chr17	75261749	C	T	1	MRPS7	none
chr17	75844597	G	A	-1	UNC13D	under
chr17	76643729	A	G	-1	ST6GALNAC1	under
chr17	81239116	A	G	-1	TEPSIN	under
chr17	81239116	A	G	1	NDUFAF8	under
chr18	2571234	T	C	-1	METTL4	none
chr18	2571234	T	C	1	NDC80	none
chr18	2571242	C	T	-1	METTL4	none
chr18	2571242	C	T	1	NDC80	none
chr18	2571254	G	A	-1	METTL4	none
chr18	2571254	G	A	1	NDC80	none
chr18	2571282	C	T	-1	METTL4	none
chr18	2571282	C	T	1	NDC80	none
chr18	21740862	G	A	1	MIB1	none
chr18	35582055	T	C	1	GALNT1	none
chr18	63775385	A	G	1	SERPINB7	under
chr18	79679844	G	T	1	CTDP1	none
chr19	1000167	C	T	1	GRIN3B	none
chr19	1275089	T	G	1	FAM174C	none
chr19	2427677	C	A	-1	TIMM13	none
chr19	2841362	G	A	1	ZNF555	none
chr19	2841399	C	T	1	ZNF555	over
chr19	2977601	C	G	1	TLE6	under
chr19	3185638	T	C	1	NCLN	none
chr19	4540417	A	G	-1	LRG1	over
chr19	5903796	G	T	-1	ENSG00000267740	none
chr19	5903796	G	T	-1	NDUFA11	none
chr19	6393141	G	A	-1	GTF2F1	none
chr19	10654191	C	G	1	ILF3	none
chr19	11848749	T	C	1	ZNF439	over
chr19	13906020	A	G	-1	BRME1	none
chr19	13906020	A	G	1	CC2D1A	none
chr19	14690250	T	C	1	ZNF333	under
chr19	15125924	C	T	-1	ILVBL	none
chr19	15934939	G	A	-1	CYP4F11	under
chr19	17225908	C	A	1	OCEL1	none
chr19	18282103	A	G	-1	JUND	none
chr19	32675129	G	C	-1	ANKRD27	none
chr19	32719740	A	G	1	TDRD12	none
chr19	34677724	G	A	1	ZNF302	none
chr19	35758074	T	C	1	PROSER3	none
chr19	36114973	G	T	-1	POLR2I	over
chr19	37594431	C	T	-1	ZNF571	none
chr19	37594431	C	T	1	ZNF540	none
chr19	38789073	A	G	1	LGALS7B	none
chr19	39833836	T	C	-1	DYRK1B	none
chr19	39833947	G	T	-1	DYRK1B	none
chr19	43984200	G	A	1	ZNF155	under
chr19	44613413	G	A	1	IGSF23	none
chr19	44613466	G	A	1	IGSF23	none
chr19	46413718	G	C	-1	CCDC8	under
chr19	48445690	C	G	1	GRWD1	none
chr19	48445721	C	A	1	GRWD1	none
chr19	48898891	C	T	-1	TULP2	none
chr19	48993765	A	C	-1	GYS1	none
chr19	48993765	A	C	1	RUVBL2	none
chr19	49049297	C	A	-1	CGB8	none
chr19	49363759	C	G	1	DKKL1	none
chr19	49441696	T	C	-1	SLC17A7	none
chr19	49487536	C	T	1	RPL13A	none
chr19	49691588	C	A	1	CPT1C	over
chr19	50376267	C	G	1	NR1H2	none
chr19	51065433	C	T	-1	KLK13	under
chr19	51250875	G	T	1	SIGLECL1	none
chr19	51390677	C	G	-1	C19orf84	none
chr19	51390991	C	G	-1	C19orf84	none
chr19	51391073	A	C	-1	C19orf84	none
chr19	51571508	A	G	1	ZNF175	none
chr19	54593448	T	C	1	LILRA1	none
chr19	55376788	C	T	1	TMEM190	under
chr19	56404252	G	A	1	ZNF583	none
chr19	57363586	C	G	1	ZNF547	none
chr19	57363586	C	G	1	TRAPPC2B	none
chr19	57363586	C	G	1	ENSG00000268133	none
chr19	57477686	C	T	-1	ENSG00000268163	none
chr19	57477686	C	T	-1	ZNF772	none
chr19	58440319	C	T	-1	ZNF132	none
chr19	58573678	G	A	-1	MZF1	none
chr20	2664431	G	A	-1	IDH3B	none
chr20	5126664	A	T	1	CDS2	none
chr20	23750952	G	C	-1	CST1	over
chr20	31870809	C	T	-1	DUSP15	none
chr20	31870809	C	T	1	TTLL9	none
chr20	35284508	G	C	-1	EIF6	none
chr20	35292560	A	T	-1	FAM83C	over
chr20	45881093	G	A	1	ZSWIM1	none
chr20	45891004	G	A	-1	NEURL2	none
chr20	45891004	G	A	1	CTSA	none
chr20	63865158	C	A	1	TPD52L2	none
chr21	36060686	C	T	-1	SETD4	none
chr21	36156559	C	A	1	DOP1B	none
chr21	42925856	G	A	-1	ERVH48-1	none
chr22	19144867	A	T	-1	ESS2	under
chr22	19144872	G	A	-1	ESS2	under
chr22	20982260	A	T	1	LZTR1	under
chr22	22520464	G	C	-1	ZNF280A	under
chr22	30969007	G	A	-1	MORC2	none
chr22	30969007	G	A	1	TUG1	none
chr22	36239710	G	A	-1	APOL2	under
chr22	37560207	A	G	1	CDC42EP1	none
chr22	37675504	T	C	1	LGALS1	none
chr22	37844361	G	C	-1	ANKRD54	under
chr22	38057128	G	A	1	PICK1	none
chr22	39399678	G	C	1	TAB1	none
chr22	41952598	G	C	1	LINC00634	none
chr22	44181280	T	A	1	PARVG	over
chr22	45413743	C	A	-1	SMC1B	under
chr22	45413743	C	A	1	RIBC2	under
chr22	46762547	T	C	1	TBC1D22A	under
chr22	50563003	G	C	-1	SYCE3	none
chr22	50583334	G	C	-1	CHKB	none
